宁波法拍房财务模型,2026-2028 年
编制日期：2026-02-27

===== 一、启动资金预算 =====
项目，金额 (万元),说明
办公室租金 (100㎡),10,押一付三
办公室装修，15,简装 + 办公家具
办公设备，10,电脑、打印机等
系统软件，5,CRM+ 财务软件
营销推广，20,首月投放
人员工资 (3 个月),45,8 人团队
流动资金，30,应急备用
启动资金总计，135,

===== 二、人员成本 (月度) =====
岗位，人数，月薪 (万),月成本 (万),年成本 (万),备注
创始人/CEO,1,0,0,0,股权 + 分红
业务经理，2,1.75,3.5,42,含绩效
法拍专员，2,1.25,2.5,30,含绩效
法务顾问，1,1.75,1.75,21,含绩效
财务/行政，1,0.9,0.9,10.8,含绩效
兼职律师，1,0.5,0.5,6,按件计费
社保公积金，-,0.8,0.8,9.6,公司部分
月度人员成本，-,9.95,9.95,119.4,
年度人员成本，-,9.95,119.4,119.4,

===== 三、运营成本 (月度) =====
项目，月成本 (万),年成本 (万),说明
办公室租金，3,36,100㎡
水电物业，0.5,6,
办公设备折旧，0.5,6,3 年折旧
系统软件摊销，0.2,2.4,3 年摊销
营销推广，15,180,线上 + 线下
差旅费，1,12,外出看样
业务招待，1,12,客户招待
培训费，0.5,6,员工培训
团建费，0.5,6,季度团建
其他费用，0.5,6,办公耗材等
月度运营成本，22.7,272.4,
年度运营成本，22.7,272.4,272.4,

===== 四、收入预测 (月度) =====
业务，第 1 月，第 2 月，第 3 月，第 4-6 月，第 7-12 月，第 2 年，第 3 年
代拍服务 (单),2,5,8,10,15,30,50
代拍服务 (万),6,15,24,30,45,90,150
助贷服务 (单),3,8,12,15,20,40,60
助贷服务 (万),9,24,36,45,60,120,180
调查服务 (单),5,10,15,20,25,30,40
调查服务 (万),2.5,5,7.5,10,12.5,15,20
自营投资 (套),0,0,0,0,1,3,5
自营投资 (万),0,0,0,0,100,300,500
月度总收入 (万),17.5,44,67.5,85,217.5,525,850
年度总收入 (万),154,154,154,255,255,6300,10200

===== 五、利润预测 =====
项目，第 1 年，第 2 年，第 3 年，说明
总收入 (万),1020,6300,10200,
毛利率，60%,50%,45%,
毛利润 (万),612,3150,4590,
人员成本 (万),119.4,180,300,
运营成本 (万),272.4,500,800,
总成本 (万),391.8,680,1100,
净利润 (万),220.2,2470,3490,
净利率，21.6%,39.2%,34.2%,

===== 六、现金流预测 =====
项目，第 1 月，第 2 月，第 3 月，第 4-6 月，第 7-12 月，第 1 年，第 2 年，第 3 年
期初现金，135,127.5,110,100,150,135,355.2,3005.2
现金流入，17.5,44,67.5,85,217.5,1020,6300,10200
现金流出，25,61.5,77.5,70,167.5,800,3650,5195
- 人员成本，9.95,9.95,9.95,9.95,9.95,119.4,180,300
- 运营成本，15,15,15,15,15,180,300,500
- 营销推广，-,36.6,52.6,45,142.6,500,3170,4395
期末现金，127.5,110,100,150,200,355.2,3005.2,8010.2

===== 七、投资回报分析 =====
指标，数值，说明
启动资金 (万),135,
第 1 年净利润 (万),220.2,
第 2 年净利润 (万),2470,
第 3 年净利润 (万),3490,
3 年总利润 (万),6180.2,
投资回报率，4578%,3 年总利润/启动资金
年化回报率，1526%,投资回报率/3
回本周期 (月),4,累计现金流转正时间
盈亏平衡点 (万/月),65,月营收达到 65 万盈亏平衡

===== 八、敏感性分析 =====
情景，营收变化，成本变化，净利润 (万),ROI,说明
乐观情景，+30%,-10%,350,259%,市场好 + 成本控制
基准情景，0%,0%,220,163%,正常情况
保守情景，-30%,+10%,90,67%,市场差 + 成本上升
悲观情景，-50%,+20%,-40,-30%,市场很差

===== 九、关键财务指标 =====
指标，第 1 年，第 2 年，第 3 年，行业平均，说明
毛利率，60%,50%,45%,50%,
净利率，21.6%,39.2%,34.2%,20%,
ROE,163%,1830%,116%,20%,净资产收益率
ROA,120%,1200%,80%,15%,总资产收益率
资产负债率，0%,0%,0%,50%,
流动比率，-, -, -,2,
速动比率，-, -, -,1,
应收账款周转率，-, -, -,6,
存货周转率，-, -, -,4,

===== 十、融资计划 =====
轮次，时间，金额 (万),估值 (万),用途，投资方
种子轮，第 1 年，-, -, 自筹，创始人
天使轮，第 2 年 Q1,500,2500,业务扩张，天使投资人
A 轮，第 3 年 Q1,2000,10000,规模扩张，VC 机构

===== 十一、退出策略 =====
退出方式，时间，估值 (万),回报倍数，说明
并购退出，第 5 年，20000,148x,被大型资管公司收购
IPO 上市，第 7 年，50000,370x,创业板/科创板上市
管理层回购，第 5 年，10000,74x,创始人回购股份
分红退出，持续，-, -, 年度利润 50% 分红

===== 十二、财务假设 =====
假设项目，假设值，说明
市场增长率，30%/年，法拍房市场增长
市场份额，第 1 年 1%,第 3 年 5%,宁波市场份额
客单价，代拍 3 万/单，助贷 3 万/单，
转化率，线索→成交 15%,行业平均
获客成本，2000 元/单，行业平均
人员流失率，10%/年，行业平均
房租增长率，5%/年，宁波市场
工资增长率，8%/年，行业平均

===== 十三、风险提示 =====
风险类型，风险描述，影响程度，发生概率，应对措施
市场风险，法拍房市场萎缩，高，中，多元化业务
政策风险，法拍政策收紧，高，低，密切关注政策
竞争风险，价格战加剧，中，高，差异化竞争
人才风险，核心人员流失，中，中，股权激励
资金风险，现金流断裂，高，低，预留流动资金
法律风险，交房纠纷，中，中，专业法务团队

===== 十四、财务制度 =====
制度名称，说明，执行频率
费用报销制度，规范费用报销流程，实时
财务审批制度，规范财务审批权限，实时
资金管理制度，规范资金使用管理，实时
预算管理制度，规范预算编制和执行，月度
财务分析制度，规范财务分析和报告，月度
审计制度，规范内部审计，季度

===== 十五、附件 =====
附件名称，说明
损益表，详细损益预测
资产负债表，详细资产负债预测
现金流量表，详细现金流预测
盈亏平衡分析，详细盈亏平衡计算
投资回报分析，详细 ROI 计算

===== 使用说明 =====
1. 本财务模型基于 2026 年 2 月市场情况编制
2. 所有金额单位为人民币万元
3. 第 1 年为启动年，第 2-3 年为发展年
4. 实际经营中需根据市场情况调整
5. 建议每季度更新一次财务预测
6. 重大决策前需重新评估财务模型

编制人：Leo AI System
编制日期：2026-02-27
审核人：待审核
审核日期：待审核
